email,password
user1@loadtest.local,1234
user2@loadtest.local,1234
user3@loadtest.local,1234
user4@loadtest.local,1234
user5@loadtest.local,1234
user6@loadtest.local,1234
user7@loadtest.local,1234
user8@loadtest.local,1234
user9@loadtest.local,1234
user10@loadtest.local,1234
user11@loadtest.local,1234
user12@loadtest.local,1234
user13@loadtest.local,1234
user14@loadtest.local,1234
user15@loadtest.local,1234
user16@loadtest.local,1234
user17@loadtest.local,1234
user18@loadtest.local,1234
user19@loadtest.local,1234
user20@loadtest.local,1234
user21@loadtest.local,1234
user22@loadtest.local,1234
user23@loadtest.local,1234
user24@loadtest.local,1234
user25@loadtest.local,1234
user26@loadtest.local,1234
user27@loadtest.local,1234
user28@loadtest.local,1234
user29@loadtest.local,1234
user30@loadtest.local,1234
user31@loadtest.local,1234
user32@loadtest.local,1234
user33@loadtest.local,1234
user34@loadtest.local,1234
user35@loadtest.local,1234
user36@loadtest.local,1234
user37@loadtest.local,1234
user38@loadtest.local,1234
user39@loadtest.local,1234
user40@loadtest.local,1234
user41@loadtest.local,1234
user42@loadtest.local,1234
user43@loadtest.local,1234
user44@loadtest.local,1234
user45@loadtest.local,1234
user46@loadtest.local,1234
user47@loadtest.local,1234
user48@loadtest.local,1234
user49@loadtest.local,1234
user50@loadtest.local,1234
user51@loadtest.local,1234
user52@loadtest.local,1234
user53@loadtest.local,1234
user54@loadtest.local,1234
user55@loadtest.local,1234
user56@loadtest.local,1234
user57@loadtest.local,1234
user58@loadtest.local,1234
user59@loadtest.local,1234
user60@loadtest.local,1234
user61@loadtest.local,1234
user62@loadtest.local,1234
user63@loadtest.local,1234
user64@loadtest.local,1234
user65@loadtest.local,1234
user66@loadtest.local,1234
user67@loadtest.local,1234
user68@loadtest.local,1234
user69@loadtest.local,1234
user70@loadtest.local,1234
user71@loadtest.local,1234
user72@loadtest.local,1234
user73@loadtest.local,1234
user74@loadtest.local,1234
user75@loadtest.local,1234
user76@loadtest.local,1234
user77@loadtest.local,1234
user78@loadtest.local,1234
user79@loadtest.local,1234
user80@loadtest.local,1234
user81@loadtest.local,1234
user82@loadtest.local,1234
user83@loadtest.local,1234
user84@loadtest.local,1234
user85@loadtest.local,1234
user86@loadtest.local,1234
user87@loadtest.local,1234
user88@loadtest.local,1234
user89@loadtest.local,1234
user90@loadtest.local,1234
user91@loadtest.local,1234
user92@loadtest.local,1234
user93@loadtest.local,1234
user94@loadtest.local,1234
user95@loadtest.local,1234
user96@loadtest.local,1234
user97@loadtest.local,1234
user98@loadtest.local,1234
user99@loadtest.local,1234
user100@loadtest.local,1234
user101@loadtest.local,1234
user102@loadtest.local,1234
user103@loadtest.local,1234
user104@loadtest.local,1234
user105@loadtest.local,1234
user106@loadtest.local,1234
user107@loadtest.local,1234
user108@loadtest.local,1234
user109@loadtest.local,1234
user110@loadtest.local,1234
user111@loadtest.local,1234
user112@loadtest.local,1234
user113@loadtest.local,1234
user114@loadtest.local,1234
user115@loadtest.local,1234
user116@loadtest.local,1234
user117@loadtest.local,1234
user118@loadtest.local,1234
user119@loadtest.local,1234
user120@loadtest.local,1234
user121@loadtest.local,1234
user122@loadtest.local,1234
user123@loadtest.local,1234
user124@loadtest.local,1234
user125@loadtest.local,1234
user126@loadtest.local,1234
user127@loadtest.local,1234
user128@loadtest.local,1234
user129@loadtest.local,1234
user130@loadtest.local,1234
user131@loadtest.local,1234
user132@loadtest.local,1234
user133@loadtest.local,1234
user134@loadtest.local,1234
user135@loadtest.local,1234
user136@loadtest.local,1234
user137@loadtest.local,1234
user138@loadtest.local,1234
user139@loadtest.local,1234
user140@loadtest.local,1234
user141@loadtest.local,1234
user142@loadtest.local,1234
user143@loadtest.local,1234
user144@loadtest.local,1234
user145@loadtest.local,1234
user146@loadtest.local,1234
user147@loadtest.local,1234
user148@loadtest.local,1234
user149@loadtest.local,1234
user150@loadtest.local,1234
user151@loadtest.local,1234
user152@loadtest.local,1234
user153@loadtest.local,1234
user154@loadtest.local,1234
user155@loadtest.local,1234
user156@loadtest.local,1234
user157@loadtest.local,1234
user158@loadtest.local,1234
user159@loadtest.local,1234
user160@loadtest.local,1234
user161@loadtest.local,1234
user162@loadtest.local,1234
user163@loadtest.local,1234
user164@loadtest.local,1234
user165@loadtest.local,1234
user166@loadtest.local,1234
user167@loadtest.local,1234
user168@loadtest.local,1234
user169@loadtest.local,1234
user170@loadtest.local,1234
user171@loadtest.local,1234
user172@loadtest.local,1234
user173@loadtest.local,1234
user174@loadtest.local,1234
user175@loadtest.local,1234
user176@loadtest.local,1234
user177@loadtest.local,1234
user178@loadtest.local,1234
user179@loadtest.local,1234
user180@loadtest.local,1234
user181@loadtest.local,1234
user182@loadtest.local,1234
user183@loadtest.local,1234
user184@loadtest.local,1234
user185@loadtest.local,1234
user186@loadtest.local,1234
user187@loadtest.local,1234
user188@loadtest.local,1234
user189@loadtest.local,1234
user190@loadtest.local,1234
user191@loadtest.local,1234
user192@loadtest.local,1234
user193@loadtest.local,1234
user194@loadtest.local,1234
user195@loadtest.local,1234
user196@loadtest.local,1234
user197@loadtest.local,1234
user198@loadtest.local,1234
user199@loadtest.local,1234
user200@loadtest.local,1234
user201@loadtest.local,1234
user202@loadtest.local,1234
user203@loadtest.local,1234
user204@loadtest.local,1234
user205@loadtest.local,1234
user206@loadtest.local,1234
user207@loadtest.local,1234
user208@loadtest.local,1234
user209@loadtest.local,1234
user210@loadtest.local,1234
user211@loadtest.local,1234
user212@loadtest.local,1234
user213@loadtest.local,1234
user214@loadtest.local,1234
user215@loadtest.local,1234
user216@loadtest.local,1234
user217@loadtest.local,1234
user218@loadtest.local,1234
user219@loadtest.local,1234
user220@loadtest.local,1234
user221@loadtest.local,1234
user222@loadtest.local,1234
user223@loadtest.local,1234
user224@loadtest.local,1234
user225@loadtest.local,1234
user226@loadtest.local,1234
user227@loadtest.local,1234
user228@loadtest.local,1234
user229@loadtest.local,1234
user230@loadtest.local,1234
user231@loadtest.local,1234
user232@loadtest.local,1234
user233@loadtest.local,1234
user234@loadtest.local,1234
user235@loadtest.local,1234
user236@loadtest.local,1234
user237@loadtest.local,1234
user238@loadtest.local,1234
user239@loadtest.local,1234
user240@loadtest.local,1234
user241@loadtest.local,1234
user242@loadtest.local,1234
user243@loadtest.local,1234
user244@loadtest.local,1234
user245@loadtest.local,1234
user246@loadtest.local,1234
user247@loadtest.local,1234
user248@loadtest.local,1234
user249@loadtest.local,1234
user250@loadtest.local,1234
user251@loadtest.local,1234
user252@loadtest.local,1234
user253@loadtest.local,1234
user254@loadtest.local,1234
user255@loadtest.local,1234
user256@loadtest.local,1234
user257@loadtest.local,1234
user258@loadtest.local,1234
user259@loadtest.local,1234
user260@loadtest.local,1234
user261@loadtest.local,1234
user262@loadtest.local,1234
user263@loadtest.local,1234
user264@loadtest.local,1234
user265@loadtest.local,1234
user266@loadtest.local,1234
user267@loadtest.local,1234
user268@loadtest.local,1234
user269@loadtest.local,1234
user270@loadtest.local,1234
user271@loadtest.local,1234
user272@loadtest.local,1234
user273@loadtest.local,1234
user274@loadtest.local,1234
user275@loadtest.local,1234
user276@loadtest.local,1234
user277@loadtest.local,1234
user278@loadtest.local,1234
user279@loadtest.local,1234
user280@loadtest.local,1234
user281@loadtest.local,1234
user282@loadtest.local,1234
user283@loadtest.local,1234
user284@loadtest.local,1234
user285@loadtest.local,1234
user286@loadtest.local,1234
user287@loadtest.local,1234
user288@loadtest.local,1234
user289@loadtest.local,1234
user290@loadtest.local,1234
user291@loadtest.local,1234
user292@loadtest.local,1234
user293@loadtest.local,1234
user294@loadtest.local,1234
user295@loadtest.local,1234
user296@loadtest.local,1234
user297@loadtest.local,1234
user298@loadtest.local,1234
user299@loadtest.local,1234
user300@loadtest.local,1234
user301@loadtest.local,1234
user302@loadtest.local,1234
user303@loadtest.local,1234
user304@loadtest.local,1234
user305@loadtest.local,1234
user306@loadtest.local,1234
user307@loadtest.local,1234
user308@loadtest.local,1234
user309@loadtest.local,1234
user310@loadtest.local,1234
user311@loadtest.local,1234
user312@loadtest.local,1234
user313@loadtest.local,1234
user314@loadtest.local,1234
user315@loadtest.local,1234
user316@loadtest.local,1234
user317@loadtest.local,1234
user318@loadtest.local,1234
user319@loadtest.local,1234
user320@loadtest.local,1234
user321@loadtest.local,1234
user322@loadtest.local,1234
user323@loadtest.local,1234
user324@loadtest.local,1234
user325@loadtest.local,1234
user326@loadtest.local,1234
user327@loadtest.local,1234
user328@loadtest.local,1234
user329@loadtest.local,1234
user330@loadtest.local,1234
user331@loadtest.local,1234
user332@loadtest.local,1234
user333@loadtest.local,1234
user334@loadtest.local,1234
user335@loadtest.local,1234
user336@loadtest.local,1234
user337@loadtest.local,1234
user338@loadtest.local,1234
user339@loadtest.local,1234
user340@loadtest.local,1234
user341@loadtest.local,1234
user342@loadtest.local,1234
user343@loadtest.local,1234
user344@loadtest.local,1234
user345@loadtest.local,1234
user346@loadtest.local,1234
user347@loadtest.local,1234
user348@loadtest.local,1234
user349@loadtest.local,1234
user350@loadtest.local,1234
user351@loadtest.local,1234
user352@loadtest.local,1234
user353@loadtest.local,1234
user354@loadtest.local,1234
user355@loadtest.local,1234
user356@loadtest.local,1234
user357@loadtest.local,1234
user358@loadtest.local,1234
user359@loadtest.local,1234
user360@loadtest.local,1234
user361@loadtest.local,1234
user362@loadtest.local,1234
user363@loadtest.local,1234
user364@loadtest.local,1234
user365@loadtest.local,1234
user366@loadtest.local,1234
user367@loadtest.local,1234
user368@loadtest.local,1234
user369@loadtest.local,1234
user370@loadtest.local,1234
user371@loadtest.local,1234
user372@loadtest.local,1234
user373@loadtest.local,1234
user374@loadtest.local,1234
user375@loadtest.local,1234
user376@loadtest.local,1234
user377@loadtest.local,1234
user378@loadtest.local,1234
user379@loadtest.local,1234
user380@loadtest.local,1234
user381@loadtest.local,1234
user382@loadtest.local,1234
user383@loadtest.local,1234
user384@loadtest.local,1234
user385@loadtest.local,1234
user386@loadtest.local,1234
user387@loadtest.local,1234
user388@loadtest.local,1234
user389@loadtest.local,1234
user390@loadtest.local,1234
user391@loadtest.local,1234
user392@loadtest.local,1234
user393@loadtest.local,1234
user394@loadtest.local,1234
user395@loadtest.local,1234
user396@loadtest.local,1234
user397@loadtest.local,1234
user398@loadtest.local,1234
user399@loadtest.local,1234
user400@loadtest.local,1234
user401@loadtest.local,1234
user402@loadtest.local,1234
user403@loadtest.local,1234
user404@loadtest.local,1234
user405@loadtest.local,1234
user406@loadtest.local,1234
user407@loadtest.local,1234
user408@loadtest.local,1234
user409@loadtest.local,1234
user410@loadtest.local,1234
user411@loadtest.local,1234
user412@loadtest.local,1234
user413@loadtest.local,1234
user414@loadtest.local,1234
user415@loadtest.local,1234
user416@loadtest.local,1234
user417@loadtest.local,1234
user418@loadtest.local,1234
user419@loadtest.local,1234
user420@loadtest.local,1234
user421@loadtest.local,1234
user422@loadtest.local,1234
user423@loadtest.local,1234
user424@loadtest.local,1234
user425@loadtest.local,1234
user426@loadtest.local,1234
user427@loadtest.local,1234
user428@loadtest.local,1234
user429@loadtest.local,1234
user430@loadtest.local,1234
user431@loadtest.local,1234
user432@loadtest.local,1234
user433@loadtest.local,1234
user434@loadtest.local,1234
user435@loadtest.local,1234
user436@loadtest.local,1234
user437@loadtest.local,1234
user438@loadtest.local,1234
user439@loadtest.local,1234
user440@loadtest.local,1234
user441@loadtest.local,1234
user442@loadtest.local,1234
user443@loadtest.local,1234
user444@loadtest.local,1234
user445@loadtest.local,1234
user446@loadtest.local,1234
user447@loadtest.local,1234
user448@loadtest.local,1234
user449@loadtest.local,1234
user450@loadtest.local,1234
user451@loadtest.local,1234
user452@loadtest.local,1234
user453@loadtest.local,1234
user454@loadtest.local,1234
user455@loadtest.local,1234
user456@loadtest.local,1234
user457@loadtest.local,1234
user458@loadtest.local,1234
user459@loadtest.local,1234
user460@loadtest.local,1234
user461@loadtest.local,1234
user462@loadtest.local,1234
user463@loadtest.local,1234
user464@loadtest.local,1234
user465@loadtest.local,1234
user466@loadtest.local,1234
user467@loadtest.local,1234
user468@loadtest.local,1234
user469@loadtest.local,1234
user470@loadtest.local,1234
user471@loadtest.local,1234
user472@loadtest.local,1234
user473@loadtest.local,1234
user474@loadtest.local,1234
user475@loadtest.local,1234
user476@loadtest.local,1234
user477@loadtest.local,1234
user478@loadtest.local,1234
user479@loadtest.local,1234
user480@loadtest.local,1234
user481@loadtest.local,1234
user482@loadtest.local,1234
user483@loadtest.local,1234
user484@loadtest.local,1234
user485@loadtest.local,1234
user486@loadtest.local,1234
user487@loadtest.local,1234
user488@loadtest.local,1234
user489@loadtest.local,1234
user490@loadtest.local,1234
user491@loadtest.local,1234
user492@loadtest.local,1234
user493@loadtest.local,1234
user494@loadtest.local,1234
user495@loadtest.local,1234
user496@loadtest.local,1234
user497@loadtest.local,1234
user498@loadtest.local,1234
user499@loadtest.local,1234
user500@loadtest.local,1234
